Fecha,Precio de venta,Tipo de dólar
25/06/2012 12:00:00 a.m.,"4,53",Oficial
25/06/2012 12:00:00 a.m.,"5,98",Informal (Blue)
26/06/2012 12:00:00 a.m.,"4,53",Oficial
26/06/2012 12:00:00 a.m.,"5,94",Informal (Blue)
27/06/2012 12:00:00 a.m.,"4,53",Oficial
27/06/2012 12:00:00 a.m.,"5,95",Informal (Blue)
28/06/2012 12:00:00 a.m.,"4,54",Oficial
28/06/2012 12:00:00 a.m.,"5,98",Informal (Blue)
29/06/2012 12:00:00 a.m.,"4,545",Oficial
02/07/2012 12:00:00 a.m.,"4,55",Oficial
02/07/2012 12:00:00 a.m.,"5,96",Informal (Blue)
03/07/2012 12:00:00 a.m.,"4,55",Oficial
03/07/2012 12:00:00 a.m.,"5,96",Informal (Blue)
04/07/2012 12:00:00 a.m.,"4,56",Oficial
04/07/2012 12:00:00 a.m.,"5,96",Informal (Blue)
05/07/2012 12:00:00 a.m.,"4,57",Oficial
05/07/2012 12:00:00 a.m.,"5,97",Informal (Blue)
11/07/2012 12:00:00 a.m.,"4,575",Oficial
11/07/2012 12:00:00 a.m.,6,Informal (Blue)
12/07/2012 12:00:00 a.m.,"4,58",Oficial
12/07/2012 12:00:00 a.m.,"6,1",Informal (Blue)
13/07/2012 12:00:00 a.m.,"4,58",Oficial
13/07/2012 12:00:00 a.m.,"6,17",Informal (Blue)
16/07/2012 12:00:00 a.m.,"4,585",Oficial
16/07/2012 12:00:00 a.m.,"6,31",Informal (Blue)
17/07/2012 12:00:00 a.m.,"4,585",Oficial
17/07/2012 12:00:00 a.m.,"6,55",Informal (Blue)
18/07/2012 12:00:00 a.m.,"4,59",Oficial
18/07/2012 12:00:00 a.m.,"6,8",Informal (Blue)
19/07/2012 12:00:00 a.m.,"4,58",Oficial
19/07/2012 12:00:00 a.m.,"6,8",Informal (Blue)
20/07/2012 12:00:00 a.m.,"4,585",Oficial
20/07/2012 12:00:00 a.m.,"6,45",Informal (Blue)
23/07/2012 12:00:00 a.m.,"4,585",Oficial
23/07/2012 12:00:00 a.m.,"6,42",Informal (Blue)
24/07/2012 12:00:00 a.m.,"4,59",Oficial
24/07/2012 12:00:00 a.m.,"6,43",Informal (Blue)
25/07/2012 12:00:00 a.m.,"4,595",Oficial
25/07/2012 12:00:00 a.m.,"6,45",Informal (Blue)
26/07/2012 12:00:00 a.m.,"4,595",Oficial
26/07/2012 12:00:00 a.m.,"6,42",Informal (Blue)
27/07/2012 12:00:00 a.m.,"4,595",Oficial
27/07/2012 12:00:00 a.m.,"6,45",Informal (Blue)
30/07/2012 12:00:00 a.m.,"4,6",Oficial
30/07/2012 12:00:00 a.m.,"6,37",Informal (Blue)
31/07/2012 12:00:00 a.m.,"4,6",Oficial
31/07/2012 12:00:00 a.m.,"6,32",Informal (Blue)
01/08/2012 12:00:00 a.m.,"4,6",Oficial
01/08/2012 12:00:00 a.m.,"6,27",Informal (Blue)
02/08/2012 12:00:00 a.m.,"4,605",Oficial
02/08/2012 12:00:00 a.m.,"6,21",Informal (Blue)
03/08/2012 12:00:00 a.m.,"4,605",Oficial
03/08/2012 12:00:00 a.m.,"6,2",Informal (Blue)
06/08/2012 12:00:00 a.m.,"4,61",Oficial
06/08/2012 12:00:00 a.m.,"6,21",Informal (Blue)
07/08/2012 12:00:00 a.m.,"4,615",Oficial
07/08/2012 12:00:00 a.m.,"6,26",Informal (Blue)
08/08/2012 12:00:00 a.m.,"4,615",Oficial
08/08/2012 12:00:00 a.m.,"6,26",Informal (Blue)
09/08/2012 12:00:00 a.m.,"4,615",Oficial
09/08/2012 12:00:00 a.m.,"6,26",Informal (Blue)
10/08/2012 12:00:00 a.m.,"4,62",Oficial
10/08/2012 12:00:00 a.m.,"6,27",Informal (Blue)
13/08/2012 12:00:00 a.m.,"4,625",Oficial
13/08/2012 12:00:00 a.m.,"6,28",Informal (Blue)
14/08/2012 12:00:00 a.m.,"4,63",Oficial
14/08/2012 12:00:00 a.m.,"6,3",Informal (Blue)
15/08/2012 12:00:00 a.m.,"4,63",Oficial
15/08/2012 12:00:00 a.m.,"6,32",Informal (Blue)
16/08/2012 12:00:00 a.m.,"4,63",Oficial
16/08/2012 12:00:00 a.m.,"6,33",Informal (Blue)
17/08/2012 12:00:00 a.m.,"4,635",Oficial
17/08/2012 12:00:00 a.m.,"6,33",Informal (Blue)
21/08/2012 12:00:00 a.m.,"4,635",Oficial
21/08/2012 12:00:00 a.m.,"6,35",Informal (Blue)
22/08/2012 12:00:00 a.m.,"4,64",Oficial
22/08/2012 12:00:00 a.m.,"6,4",Informal (Blue)
23/08/2012 12:00:00 a.m.,"4,64",Oficial
23/08/2012 12:00:00 a.m.,"6,42",Informal (Blue)
24/08/2012 12:00:00 a.m.,"4,64",Oficial
24/08/2012 12:00:00 a.m.,"6,41",Informal (Blue)
27/08/2012 12:00:00 a.m.,"4,64",Oficial
27/08/2012 12:00:00 a.m.,"6,38",Informal (Blue)
28/08/2012 12:00:00 a.m.,"4,65",Oficial
28/08/2012 12:00:00 a.m.,"6,38",Informal (Blue)
29/08/2012 12:00:00 a.m.,"4,65",Oficial
29/08/2012 12:00:00 a.m.,"6,37",Informal (Blue)
30/08/2012 12:00:00 a.m.,"4,65",Oficial
30/08/2012 12:00:00 a.m.,"6,37",Informal (Blue)
31/08/2012 12:00:00 a.m.,"4,655",Oficial
31/08/2012 12:00:00 a.m.,"6,37",Informal (Blue)
03/09/2012 12:00:00 a.m.,"4,655",Oficial
03/09/2012 12:00:00 a.m.,"6,34",Informal (Blue)
04/09/2012 12:00:00 a.m.,"4,655",Oficial
04/09/2012 12:00:00 a.m.,"6,35",Informal (Blue)
05/09/2012 12:00:00 a.m.,"4,665",Oficial
05/09/2012 12:00:00 a.m.,"6,35",Informal (Blue)
06/09/2012 12:00:00 a.m.,"4,67",Oficial
06/09/2012 12:00:00 a.m.,"6,34",Informal (Blue)
07/09/2012 12:00:00 a.m.,"4,675",Oficial
07/09/2012 12:00:00 a.m.,"6,33",Informal (Blue)
10/09/2012 12:00:00 a.m.,"4,66",Oficial
10/09/2012 12:00:00 a.m.,"6,33",Informal (Blue)
11/09/2012 12:00:00 a.m.,"4,66",Oficial
11/09/2012 12:00:00 a.m.,"6,3",Informal (Blue)
12/09/2012 12:00:00 a.m.,"4,66",Oficial
12/09/2012 12:00:00 a.m.,"6,32",Informal (Blue)
13/09/2012 12:00:00 a.m.,"4,6625",Oficial
13/09/2012 12:00:00 a.m.,"6,3",Informal (Blue)
14/09/2012 12:00:00 a.m.,"4,67",Oficial
14/09/2012 12:00:00 a.m.,"6,31",Informal (Blue)
17/09/2012 12:00:00 a.m.,"4,6725",Oficial
17/09/2012 12:00:00 a.m.,"6,3",Informal (Blue)
18/09/2012 12:00:00 a.m.,"4,675",Oficial
18/09/2012 12:00:00 a.m.,"6,31",Informal (Blue)
19/09/2012 12:00:00 a.m.,"4,68",Oficial
19/09/2012 12:00:00 a.m.,"6,31",Informal (Blue)
20/09/2012 12:00:00 a.m.,"4,68",Oficial
20/09/2012 12:00:00 a.m.,"6,32",Informal (Blue)
21/09/2012 12:00:00 a.m.,"4,68",Oficial
21/09/2012 12:00:00 a.m.,"6,32",Informal (Blue)
25/09/2012 12:00:00 a.m.,"4,68",Oficial
25/09/2012 12:00:00 a.m.,"6,32",Informal (Blue)
26/09/2012 12:00:00 a.m.,"4,68",Oficial
26/09/2012 12:00:00 a.m.,"6,29",Informal (Blue)
27/09/2012 12:00:00 a.m.,"4,68",Oficial
27/09/2012 12:00:00 a.m.,"6,3",Informal (Blue)
28/09/2012 12:00:00 a.m.,"4,68",Oficial
28/09/2012 12:00:00 a.m.,"6,3",Informal (Blue)
01/10/2012 12:00:00 a.m.,"4,68",Oficial
01/10/2012 12:00:00 a.m.,"6,26",Informal (Blue)
02/10/2012 12:00:00 a.m.,"4,68",Oficial
02/10/2012 12:00:00 a.m.,"6,26",Informal (Blue)
03/10/2012 12:00:00 a.m.,"4,68",Oficial
03/10/2012 12:00:00 a.m.,"6,25",Informal (Blue)
04/10/2012 12:00:00 a.m.,"4,68",Oficial
04/10/2012 12:00:00 a.m.,"6,19",Informal (Blue)
05/10/2012 12:00:00 a.m.,"4,68",Oficial
05/10/2012 12:00:00 a.m.,"6,18",Informal (Blue)
09/10/2012 12:00:00 a.m.,"4,68",Oficial
09/10/2012 12:00:00 a.m.,"6,2",Informal (Blue)
10/10/2012 12:00:00 a.m.,"4,68",Oficial
10/10/2012 12:00:00 a.m.,"6,21",Informal (Blue)
11/10/2012 12:00:00 a.m.,"4,68",Oficial
11/10/2012 12:00:00 a.m.,"6,21",Informal (Blue)
12/10/2012 12:00:00 a.m.,"4,68",Oficial
12/10/2012 12:00:00 a.m.,"6,2",Informal (Blue)
15/10/2012 12:00:00 a.m.,"4,68",Oficial
15/10/2012 12:00:00 a.m.,"6,2",Informal (Blue)
16/10/2012 12:00:00 a.m.,"4,68",Oficial
16/10/2012 12:00:00 a.m.,"6,22",Informal (Blue)
17/10/2012 12:00:00 a.m.,"4,68",Oficial
17/10/2012 12:00:00 a.m.,"6,33",Informal (Blue)
18/10/2012 12:00:00 a.m.,"4,75",Oficial
18/10/2012 12:00:00 a.m.,"6,32",Informal (Blue)
19/10/2012 12:00:00 a.m.,"4,755",Oficial
19/10/2012 12:00:00 a.m.,"6,31",Informal (Blue)
22/10/2012 12:00:00 a.m.,"4,755",Oficial
22/10/2012 12:00:00 a.m.,"6,28",Informal (Blue)
23/10/2012 12:00:00 a.m.,"4,76",Oficial
23/10/2012 12:00:00 a.m.,"6,32",Informal (Blue)
24/10/2012 12:00:00 a.m.,"4,765",Oficial
24/10/2012 12:00:00 a.m.,"6,37",Informal (Blue)
25/10/2012 12:00:00 a.m.,"4,77",Oficial
25/10/2012 12:00:00 a.m.,"6,37",Informal (Blue)
26/10/2012 12:00:00 a.m.,"4,77",Oficial
26/10/2012 12:00:00 a.m.,"6,38",Informal (Blue)
29/10/2012 12:00:00 a.m.,"4,77",Oficial
29/10/2012 12:00:00 a.m.,"6,35",Informal (Blue)
30/10/2012 12:00:00 a.m.,"4,775",Oficial
30/10/2012 12:00:00 a.m.,"6,36",Informal (Blue)
31/10/2012 12:00:00 a.m.,"4,775",Oficial
31/10/2012 12:00:00 a.m.,"6,34",Informal (Blue)
01/11/2012 12:00:00 a.m.,"4,785",Oficial
01/11/2012 12:00:00 a.m.,"6,34",Informal (Blue)
02/11/2012 12:00:00 a.m.,"4,785",Oficial
02/11/2012 12:00:00 a.m.,"6,33",Informal (Blue)
05/11/2012 12:00:00 a.m.,"4,79",Oficial
05/11/2012 12:00:00 a.m.,"6,34",Informal (Blue)
07/11/2012 12:00:00 a.m.,"4,79",Oficial
07/11/2012 12:00:00 a.m.,"6,3",Informal (Blue)
08/11/2012 12:00:00 a.m.,"4,79",Oficial
08/11/2012 12:00:00 a.m.,"6,33",Informal (Blue)
09/11/2012 12:00:00 a.m.,"4,795",Oficial
09/11/2012 12:00:00 a.m.,"6,33",Informal (Blue)
12/11/2012 12:00:00 a.m.,"4,795",Oficial
12/11/2012 12:00:00 a.m.,"6,32",Informal (Blue)
13/11/2012 12:00:00 a.m.,"4,8",Oficial
13/11/2012 12:00:00 a.m.,"6,32",Informal (Blue)
14/11/2012 12:00:00 a.m.,"4,805",Oficial
14/11/2012 12:00:00 a.m.,"6,35",Informal (Blue)
15/11/2012 12:00:00 a.m.,"4,805",Oficial
15/11/2012 12:00:00 a.m.,"6,35",Informal (Blue)
16/11/2012 12:00:00 a.m.,"4,81",Oficial
16/11/2012 12:00:00 a.m.,"6,4",Informal (Blue)
19/11/2012 12:00:00 a.m.,"4,81",Oficial
19/11/2012 12:00:00 a.m.,"6,36",Informal (Blue)
20/11/2012 12:00:00 a.m.,"4,815",Oficial
20/11/2012 12:00:00 a.m.,"6,36",Informal (Blue)
21/11/2012 12:00:00 a.m.,"4,82",Oficial
21/11/2012 12:00:00 a.m.,"6,38",Informal (Blue)
22/11/2012 12:00:00 a.m.,"4,835",Oficial
22/11/2012 12:00:00 a.m.,"6,41",Informal (Blue)
23/11/2012 12:00:00 a.m.,"4,84",Oficial
23/11/2012 12:00:00 a.m.,"6,46",Informal (Blue)
27/11/2012 12:00:00 a.m.,"4,85",Oficial
27/11/2012 12:00:00 a.m.,"6,45",Informal (Blue)
28/11/2012 12:00:00 a.m.,"4,85",Oficial
28/11/2012 12:00:00 a.m.,"6,47",Informal (Blue)
29/11/2012 12:00:00 a.m.,"4,855",Oficial
29/11/2012 12:00:00 a.m.,"6,44",Informal (Blue)
30/11/2012 12:00:00 a.m.,"4,855",Oficial
30/11/2012 12:00:00 a.m.,"6,44",Informal (Blue)
03/12/2012 12:00:00 a.m.,"4,855",Oficial
03/12/2012 12:00:00 a.m.,"6,44",Informal (Blue)
04/12/2012 12:00:00 a.m.,"4,86",Oficial
04/12/2012 12:00:00 a.m.,"6,44",Informal (Blue)
05/12/2012 12:00:00 a.m.,"4,865",Oficial
05/12/2012 12:00:00 a.m.,"6,44",Informal (Blue)
06/12/2012 12:00:00 a.m.,"4,87",Oficial
06/12/2012 12:00:00 a.m.,"6,44",Informal (Blue)
07/12/2012 12:00:00 a.m.,"4,875",Oficial
07/12/2012 12:00:00 a.m.,"6,47",Informal (Blue)
10/12/2012 12:00:00 a.m.,"4,88",Oficial
10/12/2012 12:00:00 a.m.,"6,45",Informal (Blue)
11/12/2012 12:00:00 a.m.,"4,88",Oficial
11/12/2012 12:00:00 a.m.,"6,44",Informal (Blue)
12/12/2012 12:00:00 a.m.,"4,88",Oficial
12/12/2012 12:00:00 a.m.,"6,48",Informal (Blue)
13/12/2012 12:00:00 a.m.,"4,885",Oficial
13/12/2012 12:00:00 a.m.,"6,52",Informal (Blue)
14/12/2012 12:00:00 a.m.,"4,885",Oficial
14/12/2012 12:00:00 a.m.,"6,53",Informal (Blue)
17/12/2012 12:00:00 a.m.,"4,895",Oficial
17/12/2012 12:00:00 a.m.,"6,52",Informal (Blue)
18/12/2012 12:00:00 a.m.,"4,9",Oficial
18/12/2012 12:00:00 a.m.,"6,53",Informal (Blue)
19/12/2012 12:00:00 a.m.,"4,9",Oficial
19/12/2012 12:00:00 a.m.,"6,55",Informal (Blue)
20/12/2012 12:00:00 a.m.,"4,91",Oficial
20/12/2012 12:00:00 a.m.,"6,63",Informal (Blue)
21/12/2012 12:00:00 a.m.,"4,91",Oficial
21/12/2012 12:00:00 a.m.,"6,61",Informal (Blue)
26/12/2012 12:00:00 a.m.,"4,925",Oficial
26/12/2012 12:00:00 a.m.,"6,64",Informal (Blue)
27/12/2012 12:00:00 a.m.,"4,925",Oficial
27/12/2012 12:00:00 a.m.,"6,78",Informal (Blue)
28/12/2012 12:00:00 a.m.,"4,93",Oficial
28/12/2012 12:00:00 a.m.,"6,8",Informal (Blue)
02/01/2013 12:00:00 a.m.,"4,935",Oficial
02/01/2013 12:00:00 a.m.,"6,91",Informal (Blue)
03/01/2013 12:00:00 a.m.,"4,935",Oficial
03/01/2013 12:00:00 a.m.,"7,07",Informal (Blue)
04/01/2013 12:00:00 a.m.,"4,935",Oficial
04/01/2013 12:00:00 a.m.,"7,04",Informal (Blue)
07/01/2013 12:00:00 a.m.,"4,945",Oficial
07/01/2013 12:00:00 a.m.,"7,04",Informal (Blue)
08/01/2013 12:00:00 a.m.,"4,945",Oficial
08/01/2013 12:00:00 a.m.,"7,05",Informal (Blue)
09/01/2013 12:00:00 a.m.,"4,945",Oficial
09/01/2013 12:00:00 a.m.,"7,07",Informal (Blue)
10/01/2013 12:00:00 a.m.,"4,955",Oficial
10/01/2013 12:00:00 a.m.,"7,25",Informal (Blue)
11/01/2013 12:00:00 a.m.,"4,96",Oficial
11/01/2013 12:00:00 a.m.,"7,2",Informal (Blue)
14/01/2013 12:00:00 a.m.,"4,96",Oficial
14/01/2013 12:00:00 a.m.,"7,2",Informal (Blue)
15/01/2013 12:00:00 a.m.,"4,96",Oficial
15/01/2013 12:00:00 a.m.,"7,36",Informal (Blue)
16/01/2013 12:00:00 a.m.,"4,96",Oficial
16/01/2013 12:00:00 a.m.,"7,5",Informal (Blue)
17/01/2013 12:00:00 a.m.,"4,96",Oficial
17/01/2013 12:00:00 a.m.,"7,51",Informal (Blue)
18/01/2013 12:00:00 a.m.,"4,96",Oficial
18/01/2013 12:00:00 a.m.,"7,48",Informal (Blue)
21/01/2013 12:00:00 a.m.,"4,965",Oficial
21/01/2013 12:00:00 a.m.,"7,44",Informal (Blue)
22/01/2013 12:00:00 a.m.,"4,965",Oficial
22/01/2013 12:00:00 a.m.,"7,43",Informal (Blue)
23/01/2013 12:00:00 a.m.,"4,975",Oficial
23/01/2013 12:00:00 a.m.,"7,52",Informal (Blue)
24/01/2013 12:00:00 a.m.,"4,975",Oficial
24/01/2013 12:00:00 a.m.,"7,56",Informal (Blue)
25/01/2013 12:00:00 a.m.,"4,975",Oficial
25/01/2013 12:00:00 a.m.,"7,62",Informal (Blue)
28/01/2013 12:00:00 a.m.,"4,98",Oficial
28/01/2013 12:00:00 a.m.,"7,66",Informal (Blue)
29/01/2013 12:00:00 a.m.,"4,985",Oficial
29/01/2013 12:00:00 a.m.,"7,8",Informal (Blue)
30/01/2013 12:00:00 a.m.,"4,98",Oficial
30/01/2013 12:00:00 a.m.,"7,93",Informal (Blue)
31/01/2013 12:00:00 a.m.,"4,98",Oficial
31/01/2013 12:00:00 a.m.,"7,92",Informal (Blue)
01/02/2013 12:00:00 a.m.,"4,99",Oficial
01/02/2013 12:00:00 a.m.,"7,92",Informal (Blue)
04/02/2013 12:00:00 a.m.,"4,99",Oficial
04/02/2013 12:00:00 a.m.,"7,72",Informal (Blue)
05/02/2013 12:00:00 a.m.,"4,99",Oficial
05/02/2013 12:00:00 a.m.,"7,59",Informal (Blue)
06/02/2013 12:00:00 a.m.,"4,995",Oficial
06/02/2013 12:00:00 a.m.,"7,7",Informal (Blue)
07/02/2013 12:00:00 a.m.,5,Oficial
07/02/2013 12:00:00 a.m.,"7,68",Informal (Blue)
08/02/2013 12:00:00 a.m.,"5,005",Oficial
08/02/2013 12:00:00 a.m.,"7,67",Informal (Blue)
13/02/2013 12:00:00 a.m.,"5,01",Oficial
13/02/2013 12:00:00 a.m.,"7,65",Informal (Blue)
14/02/2013 12:00:00 a.m.,"5,01",Oficial
14/02/2013 12:00:00 a.m.,"7,66",Informal (Blue)
15/02/2013 12:00:00 a.m.,"5,01",Oficial
15/02/2013 12:00:00 a.m.,"7,71",Informal (Blue)
18/02/2013 12:00:00 a.m.,"5,025",Oficial
18/02/2013 12:00:00 a.m.,"7,7",Informal (Blue)
19/02/2013 12:00:00 a.m.,"5,025",Oficial
19/02/2013 12:00:00 a.m.,"7,81",Informal (Blue)
21/02/2013 12:00:00 a.m.,"5,035",Oficial
21/02/2013 12:00:00 a.m.,"7,83",Informal (Blue)
22/02/2013 12:00:00 a.m.,"5,035",Oficial
22/02/2013 12:00:00 a.m.,"7,8",Informal (Blue)
25/02/2013 12:00:00 a.m.,"5,045",Oficial
25/02/2013 12:00:00 a.m.,"7,78",Informal (Blue)
26/02/2013 12:00:00 a.m.,"5,045",Oficial
26/02/2013 12:00:00 a.m.,"7,82",Informal (Blue)
27/02/2013 12:00:00 a.m.,"5,05",Oficial
27/02/2013 12:00:00 a.m.,"7,82",Informal (Blue)
28/02/2013 12:00:00 a.m.,"5,06",Oficial
28/02/2013 12:00:00 a.m.,"7,84",Informal (Blue)
01/03/2013 12:00:00 a.m.,"5,06",Oficial
01/03/2013 12:00:00 a.m.,"7,84",Informal (Blue)
04/03/2013 12:00:00 a.m.,"5,06",Oficial
04/03/2013 12:00:00 a.m.,"7,82",Informal (Blue)
05/03/2013 12:00:00 a.m.,"5,07",Oficial
05/03/2013 12:00:00 a.m.,"7,82",Informal (Blue)
06/03/2013 12:00:00 a.m.,"5,08",Oficial
06/03/2013 12:00:00 a.m.,"7,83",Informal (Blue)
07/03/2013 12:00:00 a.m.,"5,085",Oficial
07/03/2013 12:00:00 a.m.,"7,82",Informal (Blue)
08/03/2013 12:00:00 a.m.,"5,085",Oficial
08/03/2013 12:00:00 a.m.,"7,83",Informal (Blue)
11/03/2013 12:00:00 a.m.,"5,085",Oficial
11/03/2013 12:00:00 a.m.,"7,82",Informal (Blue)
12/03/2013 12:00:00 a.m.,"5,085",Oficial
12/03/2013 12:00:00 a.m.,"7,85",Informal (Blue)
13/03/2013 12:00:00 a.m.,"5,085",Oficial
13/03/2013 12:00:00 a.m.,"7,92",Informal (Blue)
14/03/2013 12:00:00 a.m.,"5,085",Oficial
14/03/2013 12:00:00 a.m.,"7,99",Informal (Blue)
15/03/2013 12:00:00 a.m.,"5,085",Oficial
15/03/2013 12:00:00 a.m.,"8,05",Informal (Blue)
18/03/2013 12:00:00 a.m.,"5,085",Oficial
18/03/2013 12:00:00 a.m.,"8,08",Informal (Blue)
19/03/2013 12:00:00 a.m.,"5,085",Oficial
19/03/2013 12:00:00 a.m.,"8,27",Informal (Blue)
20/03/2013 12:00:00 a.m.,"5,1",Oficial
20/03/2013 12:00:00 a.m.,"8,75",Informal (Blue)
21/03/2013 12:00:00 a.m.,"5,1",Oficial
21/03/2013 12:00:00 a.m.,"8,45",Informal (Blue)
22/03/2013 12:00:00 a.m.,"5,11",Oficial
22/03/2013 12:00:00 a.m.,"8,48",Informal (Blue)
25/03/2013 12:00:00 a.m.,"5,12",Oficial
25/03/2013 12:00:00 a.m.,"8,27",Informal (Blue)
26/03/2013 12:00:00 a.m.,"5,13",Oficial
26/03/2013 12:00:00 a.m.,"8,47",Informal (Blue)
27/03/2013 12:00:00 a.m.,"5,13",Oficial
27/03/2013 12:00:00 a.m.,"8,3",Informal (Blue)
03/04/2013 12:00:00 a.m.,"5,14",Oficial
03/04/2013 12:00:00 a.m.,"8,3",Informal (Blue)
04/04/2013 12:00:00 a.m.,"5,14",Oficial
04/04/2013 12:00:00 a.m.,"8,32",Informal (Blue)
05/04/2013 12:00:00 a.m.,"5,14",Oficial
05/04/2013 12:00:00 a.m.,"8,4",Informal (Blue)
08/04/2013 12:00:00 a.m.,"5,145",Oficial
08/04/2013 12:00:00 a.m.,"8,33",Informal (Blue)
09/04/2013 12:00:00 a.m.,"5,145",Oficial
09/04/2013 12:00:00 a.m.,"8,37",Informal (Blue)
10/04/2013 12:00:00 a.m.,"5,15",Oficial
10/04/2013 12:00:00 a.m.,"8,39",Informal (Blue)
11/04/2013 12:00:00 a.m.,"5,155",Oficial
11/04/2013 12:00:00 a.m.,"8,44",Informal (Blue)
12/04/2013 12:00:00 a.m.,"5,155",Oficial
12/04/2013 12:00:00 a.m.,"8,43",Informal (Blue)
15/04/2013 12:00:00 a.m.,"5,16",Oficial
15/04/2013 12:00:00 a.m.,"8,42",Informal (Blue)
16/04/2013 12:00:00 a.m.,"5,17",Oficial
16/04/2013 12:00:00 a.m.,"8,52",Informal (Blue)
17/04/2013 12:00:00 a.m.,"5,17",Oficial
17/04/2013 12:00:00 a.m.,"8,7",Informal (Blue)
18/04/2013 12:00:00 a.m.,"5,17",Oficial
18/04/2013 12:00:00 a.m.,"8,66",Informal (Blue)
19/04/2013 12:00:00 a.m.,"5,17",Oficial
19/04/2013 12:00:00 a.m.,"8,63",Informal (Blue)
22/04/2013 12:00:00 a.m.,"5,175",Oficial
22/04/2013 12:00:00 a.m.,"8,67",Informal (Blue)
23/04/2013 12:00:00 a.m.,"5,175",Oficial
23/04/2013 12:00:00 a.m.,"8,86",Informal (Blue)
24/04/2013 12:00:00 a.m.,"5,185",Oficial
24/04/2013 12:00:00 a.m.,"8,94",Informal (Blue)
25/04/2013 12:00:00 a.m.,"5,185",Oficial
25/04/2013 12:00:00 a.m.,"9,2",Informal (Blue)
26/04/2013 12:00:00 a.m.,"5,19",Oficial
26/04/2013 12:00:00 a.m.,"9,34",Informal (Blue)
29/04/2013 12:00:00 a.m.,"5,19",Oficial
29/04/2013 12:00:00 a.m.,"9,3",Informal (Blue)
30/04/2013 12:00:00 a.m.,"5,19",Oficial
30/04/2013 12:00:00 a.m.,"9,4",Informal (Blue)
02/05/2013 12:00:00 a.m.,"5,2",Oficial
02/05/2013 12:00:00 a.m.,"9,63",Informal (Blue)
03/05/2013 12:00:00 a.m.,"5,21",Oficial
03/05/2013 12:00:00 a.m.,"9,88",Informal (Blue)
06/05/2013 12:00:00 a.m.,"5,22",Oficial
06/05/2013 12:00:00 a.m.,"9,87",Informal (Blue)
07/05/2013 12:00:00 a.m.,"5,22",Oficial
07/05/2013 12:00:00 a.m.,"10,08",Informal (Blue)
08/05/2013 12:00:00 a.m.,"5,225",Oficial
08/05/2013 12:00:00 a.m.,"10,45",Informal (Blue)
09/05/2013 12:00:00 a.m.,"5,23",Oficial
09/05/2013 12:00:00 a.m.,"10,03",Informal (Blue)
10/05/2013 12:00:00 a.m.,"5,24",Oficial
10/05/2013 12:00:00 a.m.,"10,03",Informal (Blue)
13/05/2013 12:00:00 a.m.,"5,25",Oficial
13/05/2013 12:00:00 a.m.,"10,03",Informal (Blue)
14/05/2013 12:00:00 a.m.,"5,25",Oficial
14/05/2013 12:00:00 a.m.,"9,2",Informal (Blue)
15/05/2013 12:00:00 a.m.,"5,25",Oficial
15/05/2013 12:00:00 a.m.,"9,05",Informal (Blue)
16/05/2013 12:00:00 a.m.,"5,25",Oficial
16/05/2013 12:00:00 a.m.,"8,95",Informal (Blue)
17/05/2013 12:00:00 a.m.,"5,255",Oficial
17/05/2013 12:00:00 a.m.,"8,95",Informal (Blue)
20/05/2013 12:00:00 a.m.,"5,255",Oficial
20/05/2013 12:00:00 a.m.,"8,9",Informal (Blue)
21/05/2013 12:00:00 a.m.,"5,26",Oficial
21/05/2013 12:00:00 a.m.,"8,58",Informal (Blue)
22/05/2013 12:00:00 a.m.,"5,26",Oficial
22/05/2013 12:00:00 a.m.,"8,43",Informal (Blue)
23/05/2013 12:00:00 a.m.,"5,27",Oficial
23/05/2013 12:00:00 a.m.,"8,8",Informal (Blue)
24/05/2013 12:00:00 a.m.,"5,275",Oficial
24/05/2013 12:00:00 a.m.,"8,95",Informal (Blue)
27/05/2013 12:00:00 a.m.,"5,275",Oficial
27/05/2013 12:00:00 a.m.,"8,93",Informal (Blue)
28/05/2013 12:00:00 a.m.,"5,275",Oficial
28/05/2013 12:00:00 a.m.,"8,88",Informal (Blue)
29/05/2013 12:00:00 a.m.,"5,285",Oficial
29/05/2013 12:00:00 a.m.,"8,8",Informal (Blue)
30/05/2013 12:00:00 a.m.,"5,285",Oficial
30/05/2013 12:00:00 a.m.,"8,87",Informal (Blue)
31/05/2013 12:00:00 a.m.,"5,295",Oficial
31/05/2013 12:00:00 a.m.,"8,8",Informal (Blue)
03/06/2013 12:00:00 a.m.,"5,295",Oficial
03/06/2013 12:00:00 a.m.,"8,6",Informal (Blue)
04/06/2013 12:00:00 a.m.,"5,3",Oficial
04/06/2013 12:00:00 a.m.,"8,5",Informal (Blue)
05/06/2013 12:00:00 a.m.,"5,3",Oficial
05/06/2013 12:00:00 a.m.,"8,55",Informal (Blue)
06/06/2013 12:00:00 a.m.,"5,31",Oficial
06/06/2013 12:00:00 a.m.,"8,57",Informal (Blue)
07/06/2013 12:00:00 a.m.,"5,315",Oficial
07/06/2013 12:00:00 a.m.,"8,57",Informal (Blue)
10/06/2013 12:00:00 a.m.,"5,32",Oficial
10/06/2013 12:00:00 a.m.,"8,57",Informal (Blue)
11/06/2013 12:00:00 a.m.,"5,32",Oficial
11/06/2013 12:00:00 a.m.,"8,57",Informal (Blue)
12/06/2013 12:00:00 a.m.,"5,325",Oficial
12/06/2013 12:00:00 a.m.,"8,57",Informal (Blue)
13/06/2013 12:00:00 a.m.,"5,335",Oficial
13/06/2013 12:00:00 a.m.,"8,57",Informal (Blue)
14/06/2013 12:00:00 a.m.,"5,34",Oficial
14/06/2013 12:00:00 a.m.,"8,57",Informal (Blue)
17/06/2013 12:00:00 a.m.,"5,35",Oficial
17/06/2013 12:00:00 a.m.,"8,57",Informal (Blue)
18/06/2013 12:00:00 a.m.,"5,35",Oficial
18/06/2013 12:00:00 a.m.,"8,57",Informal (Blue)
19/06/2013 12:00:00 a.m.,"5,36",Oficial
19/06/2013 12:00:00 a.m.,"8,57",Informal (Blue)
24/06/2013 12:00:00 a.m.,"5,375",Oficial
24/06/2013 12:00:00 a.m.,"8,05",Informal (Blue)
25/06/2013 12:00:00 a.m.,"5,37",Oficial
25/06/2013 12:00:00 a.m.,"8,05",Informal (Blue)
26/06/2013 12:00:00 a.m.,"5,375",Oficial
26/06/2013 12:00:00 a.m.,"8,13",Informal (Blue)
27/06/2013 12:00:00 a.m.,"5,385",Oficial
27/06/2013 12:00:00 a.m.,"8,13",Informal (Blue)
28/06/2013 12:00:00 a.m.,"5,375",Oficial
28/06/2013 12:00:00 a.m.,"8,13",Informal (Blue)
